image,title,information,rating,introduction
https://movie.douban.com/subject/1292052/,肖申克的救赎,导演弗兰克德拉邦特主演蒂姆罗宾斯1994美国犯罪剧情,9.7,希望让人自由。
https://movie.douban.com/subject/1291546/,霸王别姬,导演陈凯歌主演张国荣张丰毅1993中国大陆中国香港剧情爱情同性,9.6,风华绝代。
https://movie.douban.com/subject/1292720/,阿甘正传,导演罗伯特泽米吉斯主演汤姆汉克斯1994美国剧情爱情,9.5,一部美国近现代史。
https://movie.douban.com/subject/1295644/,这个杀手不太冷,导演吕克贝松主演让雷诺娜塔莉波特曼1994法国美国剧情动作犯罪,9.4,怪蜀黍和小萝莉不得不说的故事。
https://movie.douban.com/subject/1292063/,美丽人生,导演罗伯托贝尼尼主演罗伯托贝尼尼1997意大利剧情喜剧爱情战争,9.5,最美的谎言。
https://movie.douban.com/subject/1292722/,泰坦尼克号,导演詹姆斯卡梅隆主演莱昂纳多迪卡普里奥1997美国剧情爱情灾难,9.4,失去的才是永恒的。 
https://movie.douban.com/subject/1291561/,千与千寻,导演宫崎骏主演柊瑠美入野自由2001日本剧情动画奇幻,9.4,最好的宫崎骏，最好的久石让。 
https://movie.douban.com/subject/1295124/,辛德勒的名单,导演史蒂文斯皮尔伯格主演连姆尼森1993美国剧情历史战争,9.5,拯救一个人，就是拯救整个世界。
https://movie.douban.com/subject/3541415/,盗梦空间,导演克里斯托弗诺兰主演莱昂纳多迪卡普里奥2010美国英国剧情科幻悬疑冒险,9.3,诺兰给了我们一场无法盗取的梦。
https://movie.douban.com/subject/3011091/,忠犬八公的故事,导演莱塞霍尔斯道姆主演理查基尔2009美国英国剧情,9.4,永远都不能忘记你所爱的人。
https://movie.douban.com/subject/1292001/,海上钢琴师,导演朱塞佩托纳多雷主演蒂姆罗斯1998意大利剧情音乐,9.3,每个人都要走一条自己坚定了的路，就算是粉身碎骨。 
https://movie.douban.com/subject/1292064/,楚门的世界,导演彼得威尔主演金凯瑞劳拉琳妮1998美国剧情科幻,9.3,如果再也不能见到你，祝你早安，午安，晚安。
https://movie.douban.com/subject/3793023/,三傻大闹宝莱坞,导演拉库马希拉尼主演阿米尔汗卡2009印度剧情喜剧爱情歌舞,9.2,英俊版憨豆，高情商版谢耳朵。
https://movie.douban.com/subject/2131459/,机器人总动员,导演安德鲁斯坦顿主演本贝尔特艾丽2008美国科幻动画冒险,9.3,小瓦力，大人生。
https://movie.douban.com/subject/1291549/,放牛班的春天,导演克里斯托夫巴拉蒂主演热拉尔朱尼奥2004法国瑞士德国剧情音乐,9.3,天籁一般的童声，是最接近上帝的存在。 
https://movie.douban.com/subject/1889243/,星际穿越,导演克里斯托弗诺兰主演马修麦康纳2014美国英国加拿大冰岛剧情科幻冒险,9.3,爱是一种力量，让我们超越时空感知它的存在。
https://movie.douban.com/subject/1292213/,大话西游之大圣娶亲,导演刘镇伟主演周星驰吴孟达1995中国香港中国大陆喜剧爱情奇幻古装,9.2,一生所爱。
https://movie.douban.com/subject/5912992/,熔炉,导演黄东赫主演孔侑郑有美2011韩国剧情,9.3,我们一路奋战不是为了改变世界，而是为了不让世界改变我们。
https://movie.douban.com/subject/25662329/,疯狂动物城,导演拜伦霍华德瑞奇摩尔主演金妮弗2016美国喜剧动画冒险,9.2,迪士尼给我们营造的乌托邦就是这样，永远善良勇敢，永远出乎意料。
https://movie.douban.com/subject/1307914/,无间道,导演刘伟强麦兆辉主演刘德华梁朝伟黄秋生2002中国香港剧情犯罪悬疑,9.2,香港电影史上永不过时的杰作。
https://movie.douban.com/subject/1291560/,龙猫,导演宫崎骏主演日高法子坂本千夏1988日本动画奇幻冒险,9.2,人人心中都有个龙猫，童年就永远不会消失。
https://movie.douban.com/subject/1291841/,教父,导演弗朗西斯福特科波拉主演马龙白兰度1972美国剧情犯罪,9.3,千万不要记恨你的对手，这样会让你失去理智。
https://movie.douban.com/subject/1849031/,当幸福来敲门,导演加布里尔穆奇诺主演威尔史密斯2006美国剧情传记家庭,9.1,平民励志片。 
https://movie.douban.com/subject/3319755/,怦然心动,导演罗伯莱纳主演玛德琳卡罗尔卡2010美国剧情喜剧爱情,9.1,真正的幸福是来自内心深处。
https://movie.douban.com/subject/6786002/,触不可及,导演奥利维那卡什艾力克托兰达主2011法国剧情喜剧,9.2,满满温情的高雅喜剧。
https://movie.douban.com/subject/1296141/,控方证人,导演比利怀尔德主演泰隆鲍华玛琳1957美国剧情犯罪悬疑,9.6,比利·怀德满分作品。
https://movie.douban.com/subject/1851857/,蝙蝠侠：黑暗骑士,导演克里斯托弗诺兰主演克里斯蒂安贝尔2008美国英国剧情动作科幻犯罪惊悚,9.2,无尽的黑暗。
https://movie.douban.com/subject/1292365/,活着,导演张艺谋主演葛优巩俐姜武1994中国大陆中国香港剧情历史家庭,9.2,张艺谋最好的电影。
https://movie.douban.com/subject/20495023/,寻梦环游记,导演李昂克里奇阿德里安莫利纳主演2017美国喜剧动画奇幻音乐,9.1,死亡不是真的逝去，遗忘才是永恒的消亡。
https://movie.douban.com/subject/1300267/,乱世佳人,导演维克多弗莱明乔治库克主演费1939美国剧情历史爱情战争,9.3,Tomorrow is another day.
https://movie.douban.com/subject/1293172/,末代皇帝,导演贝纳尔多贝托鲁奇主演尊龙陈1987英国意大利中国大陆法国剧情传记历史,9.2,“不要跟我比惨，我比你更惨”再适合这部电影不过了。
https://movie.douban.com/subject/26387939/,摔跤吧！爸爸,导演涅提蒂瓦里主演阿米尔汗法缇玛2016印度剧情传记运动家庭,9.0,你不是在为你一个人战斗，你要让千千万万的女性看到女生并不是只能相夫教子。
https://movie.douban.com/subject/1291552/,指环王3：王者无敌,导演彼得杰克逊主演伊利亚伍德西恩2003美国新西兰剧情动作奇幻冒险,9.2,史诗的终章。
https://movie.douban.com/subject/30170448/,何以为家,导演娜丁拉巴基主演扎因拉费阿2018黎巴嫩法国美国剧情,9.1,凝视卑弱生命，用电影改变命运。
https://movie.douban.com/subject/1929463/,少年派的奇幻漂流,导演李安主演苏拉沙玛伊尔凡可汗2012美国中国台湾英国加拿大剧情奇幻冒险,9.1,瑰丽壮观、无人能及的冒险之旅。
https://movie.douban.com/subject/2129039/,飞屋环游记,导演彼特道格特鲍勃彼德森主演爱德2009美国剧情喜剧动画冒险,9.0,最后那些最无聊的事情，才是最值得怀念的。 
https://movie.douban.com/subject/1293182/,十二怒汉,导演主演亨利方达马丁鲍尔萨姆1957美国剧情,9.4,1957年的理想主义。 
https://movie.douban.com/subject/1291858/,鬼子来了,导演姜文主演姜文香川照之2000中国大陆剧情喜剧,9.2,对敌人的仁慈，就是对自己残忍。
https://movie.douban.com/subject/21937452/,素媛,导演李濬益主演薛景求严志媛2013韩国剧情,9.2,受过伤害的人总是笑得最开心，因为他们不愿意让身边的人承受一样的痛苦。
https://movie.douban.com/subject/1291583/,天空之城,导演宫崎骏主演田中真弓横泽启子1986日本动画奇幻冒险,9.1,对天空的追逐，永不停止。 
https://movie.douban.com/subject/1308807/,哈尔的移动城堡,导演宫崎骏主演倍赏千惠子木村拓2004日本动画奇幻冒险,9.1,带着心爱的人在天空飞翔。
https://movie.douban.com/subject/1299398/,大话西游之月光宝盒,导演刘镇伟主演周星驰吴孟达1995中国香港中国大陆喜剧爱情奇幻古装,9.0,旷古烁今。
https://movie.douban.com/subject/1291828/,天堂电影院,导演朱塞佩托纳多雷主演安东内拉阿蒂利1988意大利法国剧情爱情,9.2,那些吻戏，那些青春，都在影院的黑暗里被泪水冲刷得无比清晰。
https://movie.douban.com/subject/1293839/,罗马假日,导演威廉惠勒主演奥黛丽赫本格1953美国喜剧剧情爱情,9.0,爱情哪怕只有一天。
https://movie.douban.com/subject/1298624/,闻香识女人,导演马丁布莱斯主演阿尔帕西诺克里斯1992美国剧情,9.1,史上最美的探戈。
https://movie.douban.com/subject/1295038/,哈利·波特与魔法石,导演主演2001美国英国奇幻冒险,9.0,童话世界的开端。
https://movie.douban.com/subject/21937445/,辩护人,导演杨宇硕主演宋康昊金英爱2013韩国剧情,9.2,电影的现实意义大过电影本身。
https://movie.douban.com/subject/26752088/,我不是药神,导演文牧野主演徐峥王传君周2018中国大陆剧情喜剧,9.0,对我们国家而言，这样的电影多一部是一部。
https://movie.douban.com/subject/1292000/,搏击俱乐部,导演大卫芬奇主演爱德华诺顿布拉1999美国德国剧情动作悬疑惊悚,9.0,邪恶与平庸蛰伏于同一个母体，在特定的时间互相对峙。
https://movie.douban.com/subject/1291548/,死亡诗社,导演彼得威尔主演罗宾威廉姆斯罗伯1989美国剧情,9.1,当一个死水般的体制内出现一个活跃的变数时，所有的腐臭都站在了光明的对面。
https://movie.douban.com/subject/1299131/,教父2,导演弗朗西斯福特科波拉主演阿尔帕西诺1974美国剧情犯罪,9.2,优雅的孤独。
https://movie.douban.com/subject/1301753/,狮子王,导演罗伯明可夫主演乔纳森泰勒托马1994美国动画冒险歌舞,9.0,动物版《哈姆雷特》。
https://movie.douban.com/subject/1291572/,指环王2：双塔奇兵,导演彼得杰克逊主演伊利亚伍德西恩2002美国新西兰剧情动作奇幻冒险,9.1,承前启后的史诗篇章。
https://movie.douban.com/subject/1418019/,大闹天宫,导演万籁鸣唐澄主演邱岳峰1961中国大陆1964中国大陆1978中国大陆2004中国大陆中国大陆动画奇幻,9.3,经典之作，历久弥新。
https://movie.douban.com/subject/1900841/,窃听风暴,导演弗洛里安亨克尔冯多纳斯马尔克2006德国剧情悬疑,9.1,别样人生。
https://movie.douban.com/subject/1305487/,猫鼠游戏,导演史蒂文斯皮尔伯格主演莱昂纳多迪卡普里奥2002美国加拿大传记犯罪剧情,9.0,骗子大师和执著警探的你追我跑故事。 
https://movie.douban.com/subject/1291571/,指环王1：魔戒再现,导演彼得杰克逊主演伊利亚伍德西恩2001新西兰美国剧情动作奇幻冒险,9.0,传说的开始。
https://movie.douban.com/subject/1296736/,钢琴家,导演罗曼波兰斯基主演艾德里安布洛迪2002法国德国英国波兰剧情传记历史战争音乐,9.2,音乐能化解仇恨。
https://movie.douban.com/subject/1293350/,两杆大烟枪,导演主演1998英国剧情喜剧犯罪,9.1,4个臭皮匠顶个诸葛亮，盖·里奇果然不是盖的。
https://movie.douban.com/subject/1306029/,美丽心灵,导演朗霍华德主演罗素克劳艾德哈2001美国传记剧情,9.0,爱是一切逻辑和原由。
https://movie.douban.com/subject/1291818/,饮食男女,导演李安主演郎雄杨贵媚吴1994中国台湾美国剧情家庭,9.1,人生不能像做菜，把所有的料都准备好了才下锅。
https://movie.douban.com/subject/1291843/,黑客帝国,导演安迪沃卓斯基拉娜沃卓斯基主1999美国澳大利亚动作科幻,9.0,视觉革命。
https://movie.douban.com/subject/1292224/,飞越疯人院,导演米洛斯福尔曼主演杰克尼科尔森1975美国剧情,9.1,自由万岁。
https://movie.douban.com/subject/1485260/,本杰明·巴顿奇事,导演大卫芬奇主演凯特布兰切特2008美国剧情爱情奇幻,8.9,在时间之河里感受溺水之苦。
https://movie.douban.com/subject/1309046/,V字仇杀队,导演詹姆斯麦克特格主演娜塔莉波特曼2005美国英国德国剧情动作科幻惊悚,8.9,一张面具背后的理想与革命。
https://movie.douban.com/subject/3742360/,让子弹飞,导演姜文主演姜文葛优周润发2010中国大陆中国香港剧情喜剧动作西部,8.8,你给我翻译翻译，神马叫做TMD的惊喜。
https://movie.douban.com/subject/26580232/,看不见的客人,导演奥里奥尔保罗主演马里奥卡萨斯阿2016西班牙剧情犯罪悬疑惊悚,8.8,你以为你以为的就是你以为的。
https://movie.douban.com/subject/1292402/,西西里的美丽传说,导演朱塞佩托纳多雷主演莫妮卡贝鲁奇2000意大利美国剧情战争情色,8.9,美丽无罪。
https://movie.douban.com/subject/27060077/,绿皮书,导演彼得法雷里主演维果莫腾森2018美国剧情喜剧传记,8.9,去除成见，需要勇气。
https://movie.douban.com/subject/1303021/,小鞋子,导演马基德马基迪主演法拉赫阿米尔哈什米安1997伊朗剧情儿童家庭,9.2,奔跑的孩子是天使。
https://movie.douban.com/subject/1292849/,拯救大兵瑞恩,导演史蒂文斯皮尔伯格主演汤姆汉克斯1998美国剧情历史战争,9.0,美利坚精神输出大片No1.
https://movie.douban.com/subject/3442220/,海豚湾,导演路易西霍尤斯主演路易西霍2009美国纪录片,9.3,海豚的微笑，是世界上最高明的伪装。
https://movie.douban.com/subject/1292220/,情书,导演岩井俊二主演中山美穗丰川悦司1995日本剧情爱情,8.9,暗恋的极致。
https://movie.douban.com/subject/3008247/,穿条纹睡衣的男孩,导演马克赫尔曼主演阿萨巴特菲尔德2008英国美国剧情战争,9.1,尽管有些不切实际的幻想，这部电影依旧是一部感人肺腑的佳作。
https://movie.douban.com/subject/25958717/,海蒂和爷爷,导演阿兰葛斯彭纳主演阿努克斯特芬2015德国瑞士南非剧情冒险家庭,9.2,如果生活中有什么使你感到快乐，那就去做吧！不要管别人说什么。
https://movie.douban.com/subject/1294408/,音乐之声,导演罗伯特怀斯主演朱莉安德鲁斯克1965美国剧情传记爱情歌舞,9.0,用音乐化解仇恨，让歌声串起美好。
https://movie.douban.com/subject/1292262/,美国往事,导演赛尔乔莱翁内主演罗伯特德尼罗1984美国意大利犯罪剧情,9.2,往事如烟，无处祭奠。
https://movie.douban.com/subject/1780330/,致命魔术,导演克里斯托弗诺兰主演休杰克曼2006英国美国剧情悬疑惊悚,8.9,孪生蝙蝠侠大战克隆金刚狼。
https://movie.douban.com/subject/1291832/,低俗小说,导演昆汀塔伦蒂诺主演约翰特拉沃尔塔1994美国剧情喜剧犯罪,8.8,故事的高级讲法。
https://movie.douban.com/subject/1292223/,七宗罪,导演大卫芬奇主演摩根弗里曼布1995美国剧情犯罪悬疑惊悚,8.8,警察抓小偷，老鼠玩死猫。
https://movie.douban.com/subject/1293544/,沉默的羔羊,导演乔纳森戴米主演朱迪福斯特安1991美国剧情犯罪惊悚,8.8,安东尼·霍普金斯的顶级表演。
https://movie.douban.com/subject/1292343/,蝴蝶效应,导演埃里克布雷斯麦基格鲁伯主2004美国加拿大剧情悬疑科幻惊悚,8.8,人的命运被自己瞬间的抉择改变。
https://movie.douban.com/subject/2334904/,禁闭岛,导演主演莱昂纳多迪卡普里奥2010美国剧情悬疑惊悚,8.8,昔日翩翩少年，今日大腹便便。
https://movie.douban.com/subject/1292679/,春光乍泄,导演王家卫主演张国荣梁朝伟1997中国香港日本韩国剧情爱情同性,8.9,爱情纠缠，男女一致。
https://movie.douban.com/subject/1292656/,心灵捕手,导演格斯范桑特主演马特达蒙罗宾1997美国剧情,8.9,人生中应该拥有这样的一段豁然开朗。
https://movie.douban.com/subject/11525673/,布达佩斯大饭店,导演韦斯安德森主演拉尔夫费因斯2014美国德国英国剧情喜剧冒险,8.8,小清新的故事里注入了大历史的情怀。
https://movie.douban.com/subject/1787291/,被嫌弃的松子的一生,导演中岛哲也主演中谷美纪瑛太2006日本剧情歌舞,8.9,以戏谑来戏谑戏谑。
https://movie.douban.com/subject/1652587/,阿凡达,导演詹姆斯卡梅隆主演萨姆沃辛顿2009美国英国动作科幻冒险,8.7,绝对意义上的美轮美奂。
https://movie.douban.com/subject/1294371/,摩登时代,导演查理卓别林主演查理卓别林1936美国剧情喜剧爱情,9.3,大时代中的人生，小人物的悲喜。
https://movie.douban.com/subject/1292370/,剪刀手爱德华,导演蒂姆波顿主演约翰尼德普薇诺娜1990美国剧情奇幻爱情,8.7,浪漫忧郁的成人童话。
https://movie.douban.com/subject/1294639/,勇敢的心,导演梅尔吉布森主演梅尔吉布森苏菲玛1995美国动作传记剧情历史战争,8.9,史诗大片的典范。
https://movie.douban.com/subject/1302425/,喜剧之王,导演周星驰李力持主演周星驰1999中国香港喜剧剧情爱情,8.7,我是一个演员。
https://movie.douban.com/subject/1292215/,天使爱美丽,导演让皮埃尔热内主演奥黛丽塔图2001法国德国喜剧爱情,8.7,法式小清新。 
https://movie.douban.com/subject/1297192/,致命ID,导演詹姆斯曼高德主演约翰库萨克雷2003美国剧情悬疑惊悚,8.8,最不可能的那个人永远是最可能的。
https://movie.douban.com/subject/1298070/,加勒比海盗,导演戈尔维宾斯基主演约翰尼德普2003美国动作冒险奇幻,8.8,约翰尼·德普的独角戏。
https://movie.douban.com/subject/1418834/,断背山,导演李安主演希斯莱杰杰克吉伦哈尔2005美国加拿大剧情爱情同性家庭,8.8,每个人心中都有一座断背山。
https://movie.douban.com/subject/3011235/,哈利·波特与死亡圣器(下),导演大卫叶茨主演丹尼尔雷德克里夫2011美国英国奇幻冒险,8.8,10年的完美句点。
https://movie.douban.com/subject/1300299/,杀人回忆,导演奉俊昊主演宋康昊金相庆2003韩国剧情动作犯罪悬疑惊悚,8.8,关于连环杀人悬案的集体回忆。
https://movie.douban.com/subject/6985810/,狩猎,导演托马斯温特伯格主演麦斯米科尔森2012丹麦瑞典剧情,9.1,人言可畏。
https://movie.douban.com/subject/26799731/,请以你的名字呼唤我,导演卢卡瓜达尼诺主演艾米汉莫2017意大利法国巴西美国荷兰德国剧情爱情同性,8.9,沉醉在电影的情感和视听氛围中无法自拔。
https://movie.douban.com/subject/1297359/,幽灵公主,导演宫崎骏主演松田洋治石田百合1997日本动画奇幻冒险,8.9,人与自然的战争史诗。
https://movie.douban.com/subject/1291875/,阳光灿烂的日子,导演姜文主演夏雨宁静陶虹1994中国大陆中国香港剧情爱情,8.8,一场华丽的意淫。
https://movie.douban.com/subject/25814705/,小森林 夏秋篇,导演森淳一主演桥本爱三浦贵大2014日本剧情,9.0,那些静得只能听见呼吸的日子里，你明白孤独即生活。
https://movie.douban.com/subject/1291999/,重庆森林,导演王家卫主演林青霞金城武1994中国香港剧情爱情,8.7,寂寞没有期限。
https://movie.douban.com/subject/2149806/,入殓师,导演泷田洋二郎主演本木雅弘2008日本剧情,8.8,死可能是一道门，逝去并不是终结，而是超越，走向下一程。
https://movie.douban.com/subject/10777687/,7号房的礼物,导演李焕庆主演柳承龙朴信惠2013韩国剧情喜剧家庭,8.9,《我是山姆》的《美丽人生》。
https://movie.douban.com/subject/1297630/,第六感,导演奈特沙马兰主演布鲁斯威利斯1999美国剧情悬疑惊悚,8.9,深入内心的恐怖，出人意料的结局。
https://movie.douban.com/subject/1865703/,红辣椒,导演今敏主演林原惠美江守彻2006日本动画悬疑科幻惊悚,9.0,梦的勾结。
https://movie.douban.com/subject/21318488/,消失的爱人,导演大卫芬奇主演本阿弗莱克罗莎蒙2014美国剧情犯罪悬疑惊悚,8.7,年度最佳date movie。
https://movie.douban.com/subject/25814707/,小森林 冬春篇,导演森淳一主演桥本爱三浦贵大2015日本剧情,9.0,尊敬他人，尊敬你生活的这片土地，明白孤独是人生的常态。
https://movie.douban.com/subject/1296339/,爱在黎明破晓前,导演理查德林克莱特主演伊桑霍克1995美国奥地利瑞士剧情爱情,8.8,缘分是个连绵词，最美不过一瞬。
https://movie.douban.com/subject/1292434/,一一,导演杨德昌主演吴念真李凯莉金燕玲2000中国台湾日本剧情爱情家庭,9.0,我们都曾经是一一。
https://movie.douban.com/subject/1297052/,侧耳倾听,导演近藤喜文主演本名阳子小林桂树1995日本剧情爱情动画,8.9,少女情怀总是诗。
https://movie.douban.com/subject/1306249/,唐伯虎点秋香,导演李力持主演周星驰巩俐陈1993中国香港喜剧爱情古装,8.6,华太师是黄霑，吴镇宇四大才子之一。
https://movie.douban.com/subject/5322596/,超脱,导演托尼凯耶主演艾德里安布洛迪马西2011美国剧情,8.9,穷尽一生，我们要学会的，不过是彼此拥抱。
https://movie.douban.com/subject/3072124/,玛丽和马克思,导演亚当艾略特主演托妮科莱特菲利2009澳大利亚剧情喜剧动画,8.9,你是我最好的朋友，你是我唯一的朋友 。
https://movie.douban.com/subject/1297447/,倩女幽魂,导演程小东主演张国荣王祖贤1987中国香港爱情奇幻武侠古装,8.7,两张绝世的脸。 
https://movie.douban.com/subject/3395373/,蝙蝠侠：黑暗骑士崛起,导演克里斯托弗诺兰主演克里斯蒂安贝尔2012美国英国剧情动作科幻犯罪惊悚,8.8,诺兰就是保证。
https://movie.douban.com/subject/4268598/,告白,导演中岛哲也主演松隆子冈田将生2010日本剧情惊悚,8.7,没有一人完全善，也没有一人完全恶。
https://movie.douban.com/subject/1305164/,甜蜜蜜,导演陈可辛主演黎明张曼玉1996中国香港剧情爱情,8.8,相逢只要一瞬间，等待却像是一辈子。
https://movie.douban.com/subject/4917726/,阳光姐妹淘,导演姜炯哲主演沈恩京闵孝琳2011韩国剧情喜剧,8.8,再多各自牛逼的时光，也比不上一起傻逼的岁月。 
https://movie.douban.com/subject/1291545/,大鱼,导演蒂姆波顿主演伊万麦克格雷格阿2003美国剧情家庭奇幻冒险,8.8,抱着梦想而活着的人是幸福的，怀抱梦想而死去的人是不朽的。
https://movie.douban.com/subject/1292337/,无人知晓,导演是枝裕和主演柳乐优弥北浦爱2004日本剧情,9.1,我的平常生活就是他人的幸福。
https://movie.douban.com/subject/5989818/,萤火之森,导演大森贵弘主演佐仓绫音内山昂辉2011日本剧情爱情动画奇幻,8.9,触不到的恋人。
https://movie.douban.com/subject/1316510/,射雕英雄传之东成西就,导演刘镇伟主演梁朝伟林青霞1993中国香港喜剧奇幻武侠古装,8.7,百看不厌。 
https://movie.douban.com/subject/2353023/,驯龙高手,导演迪恩德布洛斯克里斯桑德斯主演2010美国动画奇幻冒险,8.7,和谐的生活离不开摸头与被摸头。
https://movie.douban.com/subject/11026735/,超能陆战队,导演唐霍尔克里斯威廉姆斯主演斯科特2014美国喜剧动作科幻动画冒险,8.7,Balalala~~~
https://movie.douban.com/subject/4202302/,借东西的小人阿莉埃蒂,导演米林宏昌主演志田未来神木2010日本动画奇幻冒险,8.8,曾经的那段美好会沉淀为一辈子的记忆。
https://movie.douban.com/subject/1292274/,幸福终点站,导演史蒂文斯皮尔伯格主演汤姆汉克斯2004美国喜剧剧情爱情,8.8,有时候幸福需要等一等。 
https://movie.douban.com/subject/1293359/,菊次郎的夏天,导演北野武主演北野武关口雄介1999日本剧情喜剧,8.8,从没见过那么流氓的温柔，从没见过那么温柔的流氓。
https://movie.douban.com/subject/1291990/,爱在日落黄昏时,导演理查德林克莱特主演伊桑霍克2004美国法国剧情爱情,8.8,九年后的重逢是世俗和责任的交叠，没了悸动和青涩，沧桑而温暖。
https://movie.douban.com/subject/21360417/,恐怖直播,导演金秉祐主演河正宇李璟荣2013韩国剧情犯罪悬疑,8.8,恐怖分子的“秋菊打官司”。
https://movie.douban.com/subject/1300992/,完美的世界,导演克林特伊斯特伍德主演凯文科斯特纳1993美国剧情犯罪,9.1,坏人的好总是比好人的好来得更感人。
https://movie.douban.com/subject/1291543/,功夫,导演周星驰主演周星驰元秋2004中国大陆中国香港动作喜剧犯罪奇幻,8.6,警恶惩奸，维护世界和平这个任务就交给你了，好吗？
https://movie.douban.com/subject/3287562/,神偷奶爸,导演皮艾尔柯芬克里斯雷纳德主演2010美国法国喜剧动画冒险,8.6,Mr. I Don&#39;t Care其实也有Care的时候。
https://movie.douban.com/subject/1291579/,怪兽电力公司,导演彼特道格特大卫斯沃曼主演约2001美国儿童喜剧动画奇幻冒险,8.7,不要给它起名字，起了名字就有感情了。
https://movie.douban.com/subject/26874505/,人生果实,导演伏原健之主演津端修一津2017日本纪录片,9.5,土壤没有落叶不会肥沃，没有了你就不算人生。
https://movie.douban.com/subject/1858711/,玩具总动员3,导演李昂克里奇主演汤姆汉克斯蒂姆艾2010美国喜剧动画奇幻冒险,8.8,跨度十五年的欢乐与泪水。
https://movie.douban.com/subject/1418200/,傲慢与偏见,导演乔怀特主演凯拉奈特莉马修2005法国英国美国剧情爱情,8.6,爱是摈弃傲慢与偏见之后的曙光。
https://movie.douban.com/subject/26325320/,血战钢锯岭,导演梅尔吉布森主演安德鲁加菲尔德2016美国澳大利亚剧情传记历史战争,8.7,优秀的战争片不会美化战场，不会粉饰死亡，不会矮化敌人，不会无视常识，最重要的，不会宣扬战争。
https://movie.douban.com/subject/1291585/,风之谷,导演宫崎骏主演岛本须美松田洋治1984日本动画奇幻冒险,8.9,动画片的圣经。
https://movie.douban.com/subject/1428581/,天书奇谭,导演王树忱钱运达主演丁建华1983中国大陆中国大陆动画奇幻,9.2,传奇的年代，醉人的童话。
https://movie.douban.com/subject/10577869/,时空恋旅人,导演理查德柯蒂斯主演多姆纳尔格里森2013英国喜剧爱情奇幻,8.7,把每天当作最后一天般珍惜度过，积极拥抱生活，就是幸福。
https://movie.douban.com/subject/1294240/,教父3,导演弗朗西斯福特科波拉主演阿尔帕西诺1990美国剧情犯罪,8.9,任何信念的力量，都无法改变命运。
https://movie.douban.com/subject/1292208/,上帝之城,导演费尔南多梅里尔斯卡迪亚兰德2002巴西法国犯罪剧情,8.9,被上帝抛弃了的上帝之城。
https://movie.douban.com/subject/1417598/,电锯惊魂,导演詹姆斯温主演雷沃纳尔加利艾2004美国悬疑惊悚恐怖,8.7,真相就在眼前。
https://movie.douban.com/subject/1303037/,喜宴,导演李安主演赵文瑄郎雄归亚1993中国台湾美国剧情喜剧爱情同性家庭,8.9,中国家庭的喜怒哀乐忍。
https://movie.douban.com/subject/6307447/,被解救的姜戈,导演昆汀塔伦蒂诺主演杰米福克斯2012美国剧情动作西部冒险,8.7,热血沸腾，那个低俗、性感的无耻混蛋又来了。
https://movie.douban.com/subject/1307315/,哪吒闹海,导演严定宪王树忱主演梁正晖1979中国大陆冒险动画奇幻,9.1,想你时你在闹海。
https://movie.douban.com/subject/1295399/,七武士,导演黑泽明主演三船敏郎志村乔1954日本动作冒险剧情,9.2,时代悲歌。
https://movie.douban.com/subject/1297574/,英雄本色,导演吴宇森主演周润发狄龙张国1986中国香港剧情动作犯罪,8.7,英雄泪短，兄弟情长。 
https://movie.douban.com/subject/1578507/,谍影重重3,导演保罗格林格拉斯主演马特达蒙2007美国德国动作悬疑惊悚,8.8,像吃了苏打饼一样干脆的电影。
https://movie.douban.com/subject/3792799/,岁月神偷,导演罗启锐主演吴君如任达华钟绍2010中国香港中国大陆剧情家庭,8.7,岁月流逝，来日可追。
https://movie.douban.com/subject/1306861/,我是山姆,导演杰茜尼尔森主演2001美国剧情家庭,8.9,爱并不需要智商 。
https://movie.douban.com/subject/25986180/,釜山行,导演延尚昊主演孔侑郑有美马2016韩国动作惊悚灾难,8.5,揭露人性的丧尸题材力作。
https://movie.douban.com/subject/4920389/,头号玩家,导演史蒂文斯皮尔伯格主演泰伊谢里丹2018美国动作科幻冒险,8.7,写给影迷，动漫迷和游戏迷的一封情书。
https://movie.douban.com/subject/1291544/,哈利·波特与阿兹卡班的囚徒,导演主演丹尼尔雷德克里夫2004英国美国奇幻冒险,8.7,不一样的导演，不一样的哈利·波特。
https://movie.douban.com/subject/1295409/,纵横四海,导演吴宇森主演周润发张国荣1991中国香港剧情喜剧动作犯罪,8.8,香港浪漫主义警匪动作片的巅峰之作。
https://movie.douban.com/subject/1907966/,疯狂原始人,导演科克德米科克里斯桑德斯主演2013美国喜剧动画冒险,8.7,老少皆宜，这就是好莱坞动画的魅力。
https://movie.douban.com/subject/26611804/,三块广告牌,导演马丁麦克唐纳主演弗兰西斯麦克多蒙德2017美国英国剧情犯罪,8.7,怼天怼地，你走后，她与世界为敌。
https://movie.douban.com/subject/25917973/,心迷宫,导演忻钰坤主演霍卫民王笑天2014中国大陆剧情犯罪悬疑,8.7,荒诞讽刺，千奇百巧，抽丝剥茧，百转千回。
https://movie.douban.com/subject/1793929/,达拉斯买家俱乐部,导演让马克瓦雷主演马修麦康纳2013美国剧情传记同性,8.8,Jared Leto的腿比女人还美！
https://movie.douban.com/subject/26628357/,一个叫欧维的男人决定去死,导演汉内斯赫尔姆主演罗夫拉斯加德2015瑞典剧情,8.8,惠及一生的美丽。
https://movie.douban.com/subject/1293318/,萤火虫之墓,导演高畑勋主演辰己努白石绫乃志乃原良子1988日本动画剧情战争,8.7,幸福是生生不息，却难以触及的远。 
https://movie.douban.com/subject/1291822/,卢旺达饭店,导演特瑞乔治主演唐钱德尔苏菲奥2004英国南非意大利剧情传记历史战争,8.9,当这个世界闭上双眼，他却敞开了怀抱。
https://movie.douban.com/subject/24750126/,荒蛮故事,导演达米安斯兹弗隆主演达里奥葛兰帝内提2014阿根廷西班牙剧情喜剧犯罪,8.8,始于荒诞，止于更荒诞。
https://movie.douban.com/subject/1292401/,真爱至上,导演理查德柯蒂斯主演休格兰特柯林2003英国美国法国喜剧剧情爱情,8.6,爱，是个动词。
https://movie.douban.com/subject/2209573/,贫民窟的百万富翁,导演丹尼鲍尔洛芙琳坦丹主演戴夫2008英国法国美国印度剧情爱情,8.6,上帝之城+猜火车+阿甘正传+开心辞典=山寨富翁
https://movie.douban.com/subject/26683290/,你的名字。,导演新海诚主演神木隆之介上2016日本剧情爱情动画,8.4,穿越错位的时空，仰望陨落的星辰，你没留下你的名字，我却无法忘记那句“我爱你”。
https://movie.douban.com/subject/1292328/,东邪西毒,导演王家卫主演张国荣林青霞1994中国香港中国台湾剧情动作爱情武侠古装,8.6,电影诗。
https://movie.douban.com/subject/1304447/,记忆碎片,导演克里斯托弗诺兰主演盖皮尔斯2000美国犯罪剧情悬疑惊悚,8.6,一个针管引发的血案。
https://movie.douban.com/subject/1291557/,花样年华,导演王家卫主演梁朝伟张曼玉2000中国香港剧情爱情,8.7,偷情本没有这样美。
https://movie.douban.com/subject/25773932/,爆裂鼓手,导演达米恩查泽雷主演迈尔斯特勒2014美国剧情音乐,8.7,这个世界从不善待努力的人，努力了也不一定会成功，但是知道自己在努力，就是活下去的动力。
https://movie.douban.com/subject/1978709/,黑天鹅,导演达伦阿罗诺夫斯基主演娜塔莉波特曼2010美国剧情惊悚,8.6,黑暗之美。
https://movie.douban.com/subject/1959195/,忠犬八公物语,导演主演山本圭井川比佐志1987日本剧情,9.2,养狗三日，便会对你终其一生。
https://movie.douban.com/subject/1296996/,哈利·波特与密室,导演主演丹尼尔雷德克里夫艾玛2002美国英国德国奇幻冒险,8.6,魔法的密室之门已打开...
https://movie.douban.com/subject/1302467/,黑客帝国3：矩阵革命,导演主演基努里维斯2003美国澳大利亚动作科幻,8.8,不得不说，《黑客帝国》系列是商业片与科幻、哲学完美结合的典范。
https://movie.douban.com/subject/10463953/,模仿游戏,导演莫滕泰杜姆主演本尼迪克特康伯巴奇2014英国美国剧情传记战争同性,8.7,他给机器起名“克里斯托弗”，因为这是他初恋的名字。
https://movie.douban.com/subject/10533913/,头脑特工队,导演彼特道格特罗纳尔多德尔卡门2015美国喜剧动画冒险,8.7,愿我们都不用长大，每一座城堡都能永远存在。
https://movie.douban.com/subject/1395091/,未麻的部屋,导演今敏主演岩男润子松本梨香1997日本动画奇幻惊悚,8.9,好的剧本是，就算你猜到了结局也猜不到全部。
https://movie.douban.com/subject/4848115/,你看起来好像很好吃,导演藤森雅也主演山口胜平爱河2010日本剧情动画儿童,8.9,感情不分食草或者食肉。
https://movie.douban.com/subject/10437779/,新世界,导演朴勋政主演李政宰崔岷植2013韩国剧情犯罪,8.8,要做就做得狠一点，这样才能活下去。
https://movie.douban.com/subject/1291870/,雨人,导演巴瑞莱文森主演达斯汀霍夫曼1988美国剧情,8.7,生活在自己的世界里，也可以让周围的人显得可笑和渺小。
https://movie.douban.com/subject/6534248/,无敌破坏王,导演瑞奇莫尔主演约翰赖利萨拉2012美国喜剧动画奇幻冒险,8.7,迪士尼和皮克斯拿错剧本的产物。
https://movie.douban.com/subject/25895901/,海街日记,导演是枝裕和主演绫濑遥长泽雅美2015日本剧情家庭,8.8,是枝裕和的家庭习作。
https://movie.douban.com/subject/1291578/,冰川时代,导演卡洛斯沙尔丹哈克里斯韦奇主演2002美国喜剧动画冒险,8.6,松鼠才是角儿。
https://movie.douban.com/subject/1309163/,恋恋笔记本,导演尼克卡索维茨主演瑞恩高斯林2004美国剧情爱情,8.5,爱情没有那么多借口，如果不能圆满，只能说明爱的不够。 
https://movie.douban.com/subject/1293181/,惊魂记,导演阿尔弗雷德希区柯克主演安东尼博金斯1960美国悬疑惊悚恐怖,9.0,故事的反转与反转，分裂电影的始祖。
https://movie.douban.com/subject/26430107/,二十二,导演郭柯主演2015中国大陆纪录片,8.7,有一些东西不应该被遗忘。
https://movie.douban.com/subject/25980443/,海边的曼彻斯特,导演肯尼斯罗纳根主演卡西阿弗莱克2016美国剧情家庭,8.6,我们都有权利不与自己的过去和解。
https://movie.douban.com/subject/25724855/,房间,导演伦尼阿伯拉罕森主演布丽拉尔森2015爱尔兰加拿大英国美国剧情家庭,8.8,被偷走的岁月，被伤害的生命，被禁锢的灵魂，终将被希望和善意救赎。
https://movie.douban.com/subject/3011051/,恐怖游轮,导演克里斯托弗史密斯主演梅利莎乔治2009英国澳大利亚剧情悬疑惊悚,8.5,不要企图在重复中寻找已经失去的爱。
https://movie.douban.com/subject/1296909/,虎口脱险,导演杰拉尔乌里主演路易德菲耐斯1966法国英国喜剧战争,8.9,永远看不腻的喜剧。
https://movie.douban.com/subject/1307811/,魔女宅急便,导演宫崎骏主演高山南佐久间玲1989日本动画奇幻冒险,8.6,宫崎骏的电影总让人感觉世界是美好的，阳光明媚的。
https://movie.douban.com/subject/26787574/,奇迹男孩,导演斯蒂芬卓博斯基主演雅各布特伦布莱2017美国中国香港剧情儿童家庭,8.6,世界不完美，爱会有奇迹。
https://movie.douban.com/subject/1293460/,雨中曲,导演斯坦利多南吉恩凯利主演吉恩1952美国喜剧歌舞爱情,9.0,骨灰级歌舞片。
https://movie.douban.com/subject/1862151/,疯狂的石头,导演宁浩主演郭涛刘桦连晋2006中国大陆中国香港喜剧犯罪,8.5,中国版《两杆大烟枪》。
https://movie.douban.com/subject/1302827/,人工智能,导演史蒂文斯皮尔伯格主演海利乔奥斯蒙2001美国剧情科幻,8.6,对爱的执着，可以超越一切。
https://movie.douban.com/subject/1300374/,绿里奇迹,导演主演汤姆汉克斯大卫摩斯1999美国犯罪剧情奇幻悬疑,8.8,天使暂时离开。
https://movie.douban.com/subject/27622447/,小偷家族,导演是枝裕和主演中川雅也安藤樱2018日本剧情犯罪家庭,8.7,我们组成了家。
https://movie.douban.com/subject/10808442/,爱在午夜降临前,导演理查德林克莱特主演伊桑霍克2013美国希腊剧情爱情,8.8,所谓爱情，就是话唠一路，都不会心生腻烦，彼此嫌弃。
https://movie.douban.com/subject/1291879/,罗生门,导演黑泽明主演三船敏郎京町子1950日本剧情犯罪悬疑,8.8,人生的N种可能性。
https://movie.douban.com/subject/1291844/,终结者2：审判日,导演詹姆斯卡梅隆主演阿诺施瓦辛格1991美国法国动作科幻,8.7,少见的超越首部的续集，动作片中的经典。
https://movie.douban.com/subject/4739952/,初恋这件小事,导演普特鹏普罗萨卡那萨克那卡林华森波克彭2010泰国剧情喜剧爱情,8.4,黑小鸭速效美白记。
https://movie.douban.com/subject/3443389/,海洋,导演雅克贝汉雅克克鲁奥德主演2009法国瑞士西班牙美国阿联酋纪录片,9.1,大海啊，不全是水。
https://movie.douban.com/subject/1293964/,魂断蓝桥,导演茂文勒鲁瓦主演费雯丽罗伯特1940美国剧情爱情战争,8.8,中国式内在的美国电影。
https://movie.douban.com/subject/1308857/,可可西里,导演陆川主演多布杰张磊亓亮2004中国大陆中国香港剧情犯罪,8.8,坚硬的信仰。
https://movie.douban.com/subject/1292226/,2001太空漫游,导演斯坦利库布里克主演凯尔杜拉1968英国美国科幻惊悚冒险,8.8,现代科幻电影的开山之作，最伟大导演的最伟大影片。
https://movie.douban.com/subject/1295865/,燃情岁月,导演爱德华兹威克主演布拉德皮特安东1994美国剧情爱情战争西部,8.8,传奇，不是每个人都可以拥有。
https://movie.douban.com/subject/1293908/,城市之光,导演主演查理卓别林弗吉尼亚1931美国喜剧剧情爱情,9.3,永远的小人物，伟大的卓别林。
https://movie.douban.com/subject/1937946/,穿越时空的少女,导演细田守主演仲里依纱石田卓也2006日本剧情爱情科幻动画,8.6,爱上未来的你。 
https://movie.douban.com/subject/1292329/,牯岭街少年杀人事件,导演杨德昌主演张震杨静怡张1991中国台湾剧情犯罪,8.8,弱者送给弱者的一刀。
https://movie.douban.com/subject/1292287/,新龙门客栈,导演李惠民主演张曼玉林青霞1992中国香港中国大陆动作爱情武侠古装,8.6,嬉笑怒骂，调风动月。
https://movie.douban.com/subject/1438652/,无耻混蛋,导演主演布拉德皮特梅拉尼罗兰2009德国美国剧情犯罪,8.6,昆汀同学越来越变态了，比北野武还杜琪峰。
https://movie.douban.com/subject/1828115/,色，戒,导演李安主演梁朝伟汤唯2007中国台湾中国大陆美国中国香港剧情爱情情色,8.5,假戏真情，爱欲深海
https://movie.douban.com/subject/26614893/,完美陌生人,导演保罗格诺维瑟主演马可贾利尼2016意大利剧情喜剧,8.5,来啊，互相伤害啊！
https://movie.douban.com/subject/3075287/,源代码,导演邓肯琼斯主演杰克吉伦哈尔2011美国加拿大科幻悬疑惊悚,8.4,邓肯·琼斯继《月球》之后再度奉献出一部精彩绝伦的科幻佳作。
https://movie.douban.com/subject/1303394/,青蛇,导演徐克主演张曼玉王祖贤1993中国香港中国大陆剧情爱情奇幻古装,8.5,人生如此，浮生如斯。谁人言，花彼岸，此生情长意短。谁都是不懂爱的罢了。
https://movie.douban.com/subject/1305690/,阿飞正传,导演王家卫主演张国荣张曼玉1990中国香港犯罪剧情爱情,8.5,王家卫是一种风格，张国荣是一个代表。
https://movie.douban.com/subject/1867345/,遗愿清单,导演罗伯莱纳主演杰克尼科尔森摩根2007美国冒险喜剧剧情,8.6,用剩余不多的时间，去燃烧整个生命。
https://movie.douban.com/subject/1760622/,香水,导演汤姆提克威主演本卫肖艾伦瑞克2006德国法国西班牙美国剧情犯罪奇幻,8.5,一个单凭体香达到高潮的男人。
https://movie.douban.com/subject/1308767/,谍影重重2,导演保罗格林格拉斯主演马特达蒙2004美国德国动作悬疑惊悚,8.7,谁说王家卫镜头很晃？
https://movie.douban.com/subject/1428175/,血钻,导演爱德华兹威克主演莱昂纳多迪卡普里奥2006美国德国剧情惊悚冒险,8.7,每个美丽事物背后都是滴血的现实。
https://movie.douban.com/subject/27059130/,大佛普拉斯,导演黄信尧主演庄益增陈竹昇2017中国台湾剧情喜剧,8.7,人们可以登上月球，却永远无法探索人们内心的宇宙。
https://movie.douban.com/subject/2363506/,地球上的星星,导演阿米尔汗主演达席尔萨法瑞阿2007印度剧情儿童家庭,8.9,天使保护事件始末。
https://movie.douban.com/subject/1419936/,战争之王,导演安德鲁尼科尔主演尼古拉斯凯奇2005美国法国剧情犯罪,8.6,做一颗让别人需要你的棋子。
https://movie.douban.com/subject/1304102/,谍影重重,导演道格里曼主演马特达蒙弗兰卡波坦2002美国德国捷克动作悬疑惊悚,8.6,哗啦啦啦啦，天在下雨，哗啦啦啦啦，云在哭泣……找自己。
https://movie.douban.com/subject/3592854/,疯狂的麦克斯4：狂暴之路,导演乔治米勒主演汤姆哈迪查理兹塞2015澳大利亚美国动作科幻冒险,8.6,“多么美好的一天！”轰轰轰砰咚，啪哒哒哒轰隆隆，磅~
https://movie.douban.com/subject/2222996/,步履不停,导演是枝裕和主演阿部宽夏川结衣2008日本剧情家庭,8.8,日本的家庭电影已经是世界巅峰了，步履不停是巅峰中的佳作。
https://movie.douban.com/subject/25807345/,彗星来的那一夜,导演詹姆斯沃德布柯特主演艾米丽芭尔多尼2013美国英国科幻悬疑惊悚,8.5,小成本大魅力。
https://movie.douban.com/subject/1292528/,猜火车,导演丹尼博伊尔主演伊万麦克格雷格1996英国剧情犯罪,8.5,不可猜的青春迷笛。 
https://movie.douban.com/subject/1297518/,九品芝麻官,导演王晶主演周星驰吴孟达1994中国香港剧情喜剧古装,8.5,当爱情跨越年龄的界限，它似乎能变得更久远一点，成为一种责任，一种水到渠成的相濡以沫。 
https://movie.douban.com/subject/2297265/,浪潮,导演丹尼斯甘塞尔主演尤尔根沃格尔2008德国剧情惊悚,8.7,世界离独裁只有五天。
https://movie.douban.com/subject/1309055/,哈利·波特与火焰杯,导演主演2005英国美国奇幻冒险,8.5,宝莱坞的萝莉与大叔。
https://movie.douban.com/subject/6874403/,再次出发之纽约遇见你,导演约翰卡尼主演凯拉奈特莉马克2013美国喜剧爱情音乐,8.6,爱我就给我看你的播放列表。
https://movie.douban.com/subject/1291568/,东京物语,导演小津安二郎主演笠智众原节1953日本剧情家庭,9.2,东京那么大，如果有一天走失了，恐怕一辈子不能再相见。
https://movie.douban.com/subject/25954475/,聚焦,导演托马斯麦卡锡主演马克鲁弗洛2015美国剧情传记,8.8,新闻人的理性求真。
https://movie.douban.com/subject/25921812/,驴得水,导演周申刘露主演任素汐大力2016中国大陆剧情喜剧,8.3,过去的如果就让它过去了，未来只会越来越糟！
https://movie.douban.com/subject/1397546/,追随,导演克里斯托弗诺兰主演杰里米西奥伯德1998英国犯罪悬疑惊悚,8.9,诺兰的牛逼来源于内心散发出的恐惧。
https://movie.douban.com/subject/5300054/,波西米亚狂想曲,导演布莱恩辛格主演拉米马雷克本哈2018英国美国剧情传记同性音乐,8.7,一部能引人思考的科幻励志片。
https://movie.douban.com/subject/5964718/,一次别离,导演阿斯哈法哈蒂主演佩曼莫阿迪2011伊朗法国剧情家庭,8.7,只有有信仰的人才能说出事实真相。
https://movie.douban.com/subject/5908478/,我爱你,导演秋昌民主演宋在河李顺载2011韩国剧情爱情,9.0,你要相信，这世上真的有爱存在，不管在什么年纪 
https://movie.douban.com/subject/1291824/,黑鹰坠落,导演雷德利斯科特主演乔什哈奈特2001美国动作历史战争,8.7,还原真实而残酷的战争。
https://movie.douban.com/subject/27191492/,四个春天,导演陆庆屹主演陆运坤李桂贤2017中国大陆纪录片家庭,8.9,来也匆匆去也匆匆，就这样风雨兼程。
https://movie.douban.com/subject/27615441/,网络谜踪,导演阿尼什查甘蒂主演约翰赵米切尔2018美国俄罗斯剧情犯罪悬疑惊悚,8.6,我完全康复了。
https://movie.douban.com/subject/1304141/,黑客帝国2：重装上阵,导演主演基努里维斯2003美国澳大利亚动作科幻,8.6,一个精彩的世界观正在缓缓建立。
